<?xml version="1.0" encoding="UTF-8"?>
<!-- IBM Confidential OCO Source Materials --><!-- (C) COPYRIGHT IBM CORP. 2011-2022 --><!-- The source code for this program is not published or otherwise divested of its trade secrets, irrespective of what has been deposited with the U.S. Copyright Office. --><Portal><Name><![CDATA[cstLandingPage - Envizi Integation]]></Name><Description /><Label><![CDATA[Envizi Integration]]></Label><ObjectLabelName><![CDATA[In Progress 0.0]]></ObjectLabelName><Layout LayoutType="1"><LayoutColumn /></Layout><RelatedSections /></Portal>
