<?xml version="1.0" encoding="UTF-8"?>
<!-- IBM Confidential OCO Source Materials --><!-- (C) COPYRIGHT IBM CORP. 2011-2022 --><!-- The source code for this program is not published or otherwise divested of its trade secrets, irrespective of what has been deposited with the U.S. Copyright Office. --><Workflow><Header Type="2" WfStatus="10" IgnoreModuleLevel="0" InstanceData="0" LockRecord="0" Modifier="0"><ObjectLabelName><![CDATA[In Progress 0.0]]></ObjectLabelName><Name><![CDATA[triEnviziConfig - Synchronous  - Set existing buildings according to envizi enabled]]></Name><Module><![CDATA[Data Utilities]]></Module><BO><![CDATA[cstEnviziConfig]]></BO><EventName><![CDATA[Pre-Create]]></EventName><Description /><AssociationName /><UpdatedBy><![CDATA[Matos, Leo - 1002528]]></UpdatedBy><AssociatedBO /><AssociatedModule><![CDATA[Data Utilities]]></AssociatedModule></Header><Tasks><Task Id="0" Type="1" FilterOperator="10" RecurrenceId="0" MapId="652056" SRCTaskId="-1" TRGTTaskId="-1" AssigneeTaskId="0" SortCount="1" UseMap="1" LockUser="0" AssignToFlag="1" EstEndInDays="0" EstEndInHrs="0" EstEndInMins="0" DateContext="0" ServiceContext="1"><TaskLabel><![CDATA[Start]]></TaskLabel><EventName><![CDATA[Pre-Create]]></EventName><Description /><DeleteSection /><SumSection /><SumField /><FilterSection /><FilterField /><FilterValue /><ServiceAssociation /><TargetAssociation /><TransactionType><![CDATA[0]]></TransactionType><Status><![CDATA[0]]></Status><ParametersMapId><![CDATA[-1]]></ParametersMapId><FormulaRecalc><![CDATA[0]]></FormulaRecalc><Module><![CDATA[Data Utilities]]></Module><BO><![CDATA[cstEnviziConfig]]></BO><AssociatedModule><![CDATA[Data Utilities]]></AssociatedModule><AssociatedBO /><AssignToUserMod /><AssignToUserBO /><AssignToUser /><TaskRefs /><Condition><Expression><![CDATA[ ]]></Expression></Condition></Task><Task Id="457157" Type="9" FilterOperator="10" RecurrenceId="0" MapId="-1" SRCTaskId="-1" TRGTTaskId="-1" AssigneeTaskId="0" SortCount="1" UseMap="1" LockUser="0" AssignToFlag="1" EstEndInDays="0" EstEndInHrs="0" EstEndInMins="0" DateContext="0" ServiceContext="1"><TaskLabel /><EventName /><Description /><DeleteSection /><SumSection /><SumField /><FilterSection /><FilterField /><FilterValue /><ServiceAssociation /><TargetAssociation /><TransactionType><![CDATA[0]]></TransactionType><Status><![CDATA[0]]></Status><ParametersMapId><![CDATA[-1]]></ParametersMapId><FormulaRecalc><![CDATA[0]]></FormulaRecalc><Module /><BO /><AssignToUserMod /><AssignToUserBO /><AssignToUser /><TaskRefs /></Task><Task Id="457158" Type="14" FilterOperator="10" RecurrenceId="0" MapId="652057" SRCTaskId="-1" TRGTTaskId="457159" AssigneeTaskId="0" SortCount="1" UseMap="1" LockUser="0" AssignToFlag="1" EstEndInDays="0" EstEndInHrs="0" EstEndInMins="0" DateContext="0" ServiceContext="1"><TaskLabel /><EventName><![CDATA[0=true;1=false;]]></EventName><Description /><DeleteSection /><SumSection /><SumField /><FilterSection /><FilterField /><FilterValue /><ServiceAssociation /><TargetAssociation><![CDATA[457165;457159;]]></TargetAssociation><TransactionType><![CDATA[0]]></TransactionType><Status><![CDATA[0]]></Status><ParametersMapId><![CDATA[-1]]></ParametersMapId><FormulaRecalc><![CDATA[0]]></FormulaRecalc><Module /><BO /><AssignToUserMod /><AssignToUserBO /><AssignToUser /><TaskRefs /><Condition><Expression><![CDATA[p0 != p1  ]]></Expression><Params><Param PId="0"><PType><![CDATA[field]]></PType><PDataId><![CDATA[457161]]></PDataId><PField><![CDATA[triEnviziEnabledBL]]></PField><PSection><![CDATA[RecordInformation]]></PSection><PModule><![CDATA[Data Utilities]]></PModule><PBO><![CDATA[cstEnviziConfig]]></PBO></Param><Param PId="1"><PType><![CDATA[field]]></PType><PDataId><![CDATA[0]]></PDataId><PField><![CDATA[triEnviziEnabledBL]]></PField><PSection><![CDATA[RecordInformation]]></PSection><PModule><![CDATA[Data Utilities]]></PModule><PBO><![CDATA[cstEnviziConfig]]></PBO></Param></Params></Condition></Task><Task Id="457159" Type="12" FilterOperator="10" RecurrenceId="0" MapId="-1" SRCTaskId="-1" TRGTTaskId="-1" AssigneeTaskId="0" SortCount="1" UseMap="1" LockUser="0" AssignToFlag="1" EstEndInDays="0" EstEndInHrs="0" EstEndInMins="0" DateContext="0" ServiceContext="1"><TaskLabel /><EventName /><Description /><DeleteSection /><SumSection /><SumField /><FilterSection /><FilterField /><FilterValue /><ServiceAssociation /><TargetAssociation /><TransactionType><![CDATA[0]]></TransactionType><Status><![CDATA[0]]></Status><ParametersMapId><![CDATA[-1]]></ParametersMapId><FormulaRecalc><![CDATA[0]]></FormulaRecalc><Module /><BO /><AssignToUserMod /><AssignToUserBO /><AssignToUser /><TaskRefs /></Task><Task Id="457161" Type="25" FilterOperator="10" RecurrenceId="0" MapId="-1" SRCTaskId="-1" TRGTTaskId="-1" AssigneeTaskId="0" SortCount="1" UseMap="1" LockUser="0" AssignToFlag="1" EstEndInDays="0" EstEndInHrs="0" EstEndInMins="0" DateContext="0" ServiceContext="1"><TaskLabel><![CDATA[Get Temp Record]]></TaskLabel><EventName /><Description /><DeleteSection /><SumSection /><SumField /><FilterSection /><FilterField /><FilterValue /><ServiceAssociation /><TargetAssociation /><TransactionType><![CDATA[0]]></TransactionType><Status><![CDATA[0]]></Status><ParametersMapId><![CDATA[-1]]></ParametersMapId><FormulaRecalc><![CDATA[0]]></FormulaRecalc><Module><![CDATA[Data Utilities]]></Module><BO><![CDATA[cstEnviziConfig]]></BO><AssignToUserMod /><AssignToUserBO /><AssignToUser /><TaskRefs><TaskRef RefType="0" UseType="1" TaskRefType="0" CtxType="-1" RefTaskId="0"><RefSec /><RefField /><RefAssoc /><RefModule><![CDATA[Data Utilities]]></RefModule><RefObject><![CDATA[cstEnviziConfig]]></RefObject><RefRecordMod /><RefRecordBO /><RefRecord /></TaskRef></TaskRefs></Task><Task Id="457163" Type="26" FilterOperator="10" RecurrenceId="0" MapId="-1" SRCTaskId="-1" TRGTTaskId="-1" AssigneeTaskId="0" SortCount="1" UseMap="1" LockUser="0" AssignToFlag="1" EstEndInDays="0" EstEndInHrs="0" EstEndInMins="0" DateContext="0" ServiceContext="1"><TaskLabel><![CDATA[Save Permanent Record]]></TaskLabel><EventName /><Description /><DeleteSection /><SumSection /><SumField /><FilterSection /><FilterField /><FilterValue /><ServiceAssociation /><TargetAssociation /><TransactionType><![CDATA[0]]></TransactionType><Status><![CDATA[0]]></Status><ParametersMapId><![CDATA[-1]]></ParametersMapId><FormulaRecalc><![CDATA[2]]></FormulaRecalc><Module><![CDATA[Data Utilities]]></Module><BO><![CDATA[cstEnviziConfig]]></BO><AssignToUserMod /><AssignToUserBO /><AssignToUser /><TaskRefs><TaskRef RefType="0" UseType="1" TaskRefType="0" CtxType="-1" RefTaskId="457161"><RefSec /><RefField /><RefAssoc /><RefModule><![CDATA[Data Utilities]]></RefModule><RefObject><![CDATA[cstEnviziConfig]]></RefObject><RefRecordMod /><RefRecordBO /><RefRecord /></TaskRef></TaskRefs></Task><Task Id="457165" Type="14" FilterOperator="10" RecurrenceId="0" MapId="652058" SRCTaskId="-1" TRGTTaskId="457166" AssigneeTaskId="0" SortCount="1" UseMap="1" LockUser="0" AssignToFlag="1" EstEndInDays="0" EstEndInHrs="0" EstEndInMins="0" DateContext="0" ServiceContext="1"><TaskLabel /><EventName><![CDATA[0=true;1=false;]]></EventName><Description /><DeleteSection /><SumSection /><SumField /><FilterSection /><FilterField /><FilterValue /><ServiceAssociation /><TargetAssociation><![CDATA[457170;457172;]]></TargetAssociation><TransactionType><![CDATA[0]]></TransactionType><Status><![CDATA[0]]></Status><ParametersMapId><![CDATA[-1]]></ParametersMapId><FormulaRecalc><![CDATA[0]]></FormulaRecalc><Module /><BO /><AssignToUserMod /><AssignToUserBO /><AssignToUser /><TaskRefs /><Condition><Expression><![CDATA[p0 == "TRUE"  ]]></Expression><Params><Param PId="0"><PType><![CDATA[field]]></PType><PDataId><![CDATA[457161]]></PDataId><PField><![CDATA[triEnviziEnabledBL]]></PField><PSection><![CDATA[RecordInformation]]></PSection><PModule><![CDATA[Data Utilities]]></PModule><PBO><![CDATA[cstEnviziConfig]]></PBO></Param></Params></Condition></Task><Task Id="457166" Type="12" FilterOperator="10" RecurrenceId="0" MapId="-1" SRCTaskId="-1" TRGTTaskId="-1" AssigneeTaskId="0" SortCount="1" UseMap="1" LockUser="0" AssignToFlag="1" EstEndInDays="0" EstEndInHrs="0" EstEndInMins="0" DateContext="0" ServiceContext="1"><TaskLabel /><EventName /><Description /><DeleteSection /><SumSection /><SumField /><FilterSection /><FilterField /><FilterValue /><ServiceAssociation /><TargetAssociation /><TransactionType><![CDATA[0]]></TransactionType><Status><![CDATA[0]]></Status><ParametersMapId><![CDATA[-1]]></ParametersMapId><FormulaRecalc><![CDATA[0]]></FormulaRecalc><Module /><BO /><AssignToUserMod /><AssignToUserBO /><AssignToUser /><TaskRefs /></Task><Task Id="457168" Type="22" FilterOperator="10" RecurrenceId="0" MapId="-1" SRCTaskId="-1" TRGTTaskId="-1" AssigneeTaskId="0" SortCount="1" UseMap="1" LockUser="0" AssignToFlag="1" EstEndInDays="0" EstEndInHrs="0" EstEndInMins="0" DateContext="0" ServiceContext="1"><TaskLabel><![CDATA[Query]]></TaskLabel><EventName /><Description /><DeleteSection /><SumSection /><SumField /><FilterSection /><FilterField /><FilterValue /><ServiceAssociation /><TargetAssociation /><TransactionType><![CDATA[0]]></TransactionType><Status><![CDATA[0]]></Status><ParametersMapId><![CDATA[-1]]></ParametersMapId><FormulaRecalc><![CDATA[0]]></FormulaRecalc><FilterClass><![CDATA[6]]></FilterClass><Module><![CDATA[Location]]></Module><BO><![CDATA[triBuilding]]></BO><FilterBo><![CDATA[triBuilding - Query - Get Buildings for envizi]]></FilterBo><FilterBoBO><![CDATA[triBuilding]]></FilterBoBO><FilterModule><![CDATA[Location]]></FilterModule><AssignToUserMod /><AssignToUserBO /><AssignToUser /><TaskRefs><TaskRef RefType="0" UseType="1" TaskRefType="0" CtxType="-1" RefTaskId="0"><RefSec /><RefField><![CDATA[null]]></RefField><RefAssoc /><RefModule><![CDATA[Data Utilities]]></RefModule><RefObject><![CDATA[cstEnviziConfig]]></RefObject><RefRecordMod /><RefRecordBO /><RefRecord /></TaskRef><TaskRef RefType="1" UseType="2" TaskRefType="0" CtxType="-1" RefTaskId="0"><RefSec /><RefField><![CDATA[null]]></RefField><RefAssoc /><RefModule><![CDATA[Data Utilities]]></RefModule><RefObject><![CDATA[cstEnviziConfig]]></RefObject></TaskRef></TaskRefs></Task><Task Id="457170" Type="24" FilterOperator="10" RecurrenceId="0" MapId="-1" SRCTaskId="-1" TRGTTaskId="-1" AssigneeTaskId="457171" SortCount="1" UseMap="1" LockUser="0" AssignToFlag="1" EstEndInDays="0" EstEndInHrs="0" EstEndInMins="0" DateContext="0" ServiceContext="1"><TaskLabel><![CDATA[Iter Task]]></TaskLabel><EventName /><Description /><DeleteSection /><SumSection /><SumField /><FilterSection /><FilterField /><FilterValue /><ServiceAssociation /><TargetAssociation><![CDATA[457171;457174;]]></TargetAssociation><TransactionType><![CDATA[0]]></TransactionType><Status><![CDATA[0]]></Status><ParametersMapId><![CDATA[-1]]></ParametersMapId><FormulaRecalc><![CDATA[0]]></FormulaRecalc><Module><![CDATA[Location]]></Module><BO><![CDATA[triBuilding]]></BO><AssignToUserMod /><AssignToUserBO /><AssignToUser /><TaskRefs><TaskRef RefType="0" UseType="1" TaskRefType="0" CtxType="-1" RefTaskId="457168"><RefSec /><RefField><![CDATA[null]]></RefField><RefAssoc /><RefModule><![CDATA[Location]]></RefModule><RefObject><![CDATA[triBuilding]]></RefObject><RefRecordMod /><RefRecordBO /><RefRecord /></TaskRef></TaskRefs></Task><Task Id="457171" Type="11" FilterOperator="10" RecurrenceId="0" MapId="-1" SRCTaskId="-1" TRGTTaskId="-1" AssigneeTaskId="457170" SortCount="1" UseMap="1" LockUser="0" AssignToFlag="1" EstEndInDays="0" EstEndInHrs="0" EstEndInMins="0" DateContext="0" ServiceContext="1"><TaskLabel /><EventName /><Description /><DeleteSection /><SumSection /><SumField /><FilterSection /><FilterField /><FilterValue /><ServiceAssociation /><TargetAssociation /><TransactionType><![CDATA[0]]></TransactionType><Status><![CDATA[0]]></Status><ParametersMapId><![CDATA[-1]]></ParametersMapId><FormulaRecalc><![CDATA[0]]></FormulaRecalc><Module /><BO /><AssignToUserMod /><AssignToUserBO /><AssignToUser /><TaskRefs /></Task><Task Id="457172" Type="24" FilterOperator="10" RecurrenceId="0" MapId="-1" SRCTaskId="-1" TRGTTaskId="-1" AssigneeTaskId="457173" SortCount="1" UseMap="1" LockUser="0" AssignToFlag="1" EstEndInDays="0" EstEndInHrs="0" EstEndInMins="0" DateContext="0" ServiceContext="1"><TaskLabel><![CDATA[Iter Task]]></TaskLabel><EventName /><Description /><DeleteSection /><SumSection /><SumField /><FilterSection /><FilterField /><FilterValue /><ServiceAssociation /><TargetAssociation><![CDATA[457173;457175;]]></TargetAssociation><TransactionType><![CDATA[0]]></TransactionType><Status><![CDATA[0]]></Status><ParametersMapId><![CDATA[-1]]></ParametersMapId><FormulaRecalc><![CDATA[0]]></FormulaRecalc><Module><![CDATA[Location]]></Module><BO><![CDATA[triBuilding]]></BO><AssignToUserMod /><AssignToUserBO /><AssignToUser /><TaskRefs><TaskRef RefType="0" UseType="1" TaskRefType="0" CtxType="-1" RefTaskId="457168"><RefSec /><RefField /><RefAssoc /><RefModule><![CDATA[Location]]></RefModule><RefObject><![CDATA[triBuilding]]></RefObject><RefRecordMod /><RefRecordBO /><RefRecord /></TaskRef></TaskRefs></Task><Task Id="457173" Type="11" FilterOperator="10" RecurrenceId="0" MapId="-1" SRCTaskId="-1" TRGTTaskId="-1" AssigneeTaskId="457172" SortCount="1" UseMap="1" LockUser="0" AssignToFlag="1" EstEndInDays="0" EstEndInHrs="0" EstEndInMins="0" DateContext="0" ServiceContext="1"><TaskLabel /><EventName /><Description /><DeleteSection /><SumSection /><SumField /><FilterSection /><FilterField /><FilterValue /><ServiceAssociation /><TargetAssociation /><TransactionType><![CDATA[0]]></TransactionType><Status><![CDATA[0]]></Status><ParametersMapId><![CDATA[-1]]></ParametersMapId><FormulaRecalc><![CDATA[0]]></FormulaRecalc><Module /><BO /><AssignToUserMod /><AssignToUserBO /><AssignToUser /><TaskRefs /></Task><Task Id="457174" Type="23" FilterOperator="10" RecurrenceId="0" MapId="-1" SRCTaskId="-1" TRGTTaskId="-1" AssigneeTaskId="0" SortCount="1" UseMap="0" LockUser="0" AssignToFlag="1" EstEndInDays="0" EstEndInHrs="0" EstEndInMins="0" DateContext="0" ServiceContext="1"><TaskLabel><![CDATA[Envizi enabled]]></TaskLabel><EventName /><Description /><DeleteSection /><SumSection /><SumField /><FilterSection /><FilterField /><FilterValue /><ServiceAssociation /><TargetAssociation /><TransactionType><![CDATA[0]]></TransactionType><Status><![CDATA[0]]></Status><ParametersMapId><![CDATA[-1]]></ParametersMapId><FormulaRecalc><![CDATA[0]]></FormulaRecalc><Module><![CDATA[Location]]></Module><BO><![CDATA[triBuilding]]></BO><AssociatedBO><![CDATA[-2]]></AssociatedBO><AssociatedModule><![CDATA[-2]]></AssociatedModule><AssignToUserMod /><AssignToUserBO /><AssignToUser /><TaskRefs><TaskRef RefType="0" UseType="1" TaskRefType="0" CtxType="-1" RefTaskId="457170"><RefSec /><RefField /><RefAssoc /><RefModule><![CDATA[Location]]></RefModule><RefObject><![CDATA[triBuilding]]></RefObject><RefRecordMod /><RefRecordBO /><RefRecord /></TaskRef></TaskRefs><GUIMappings><GUIMapping Id="0" Type="0" PropType="1" TaskId="0" ActId="0"><Tab><![CDATA[cstEnvizi]]></Tab><Section><![CDATA[^^]]></Section><Field><![CDATA[^^]]></Field><PropVal><![CDATA[true]]></PropVal><TAskData /><Bo><![CDATA[triBuilding]]></Bo><BoModule><![CDATA[Location]]></BoModule><GUI><![CDATA[triBuilding]]></GUI><Module><![CDATA[Location]]></Module></GUIMapping><GUIMapping Id="0" Type="0" PropType="8" TaskId="0" ActId="0"><Tab><![CDATA[triGeneral]]></Tab><Section><![CDATA[triPrimaryAddress]]></Section><Field><![CDATA[triGeographyLookupTX]]></Field><PropVal><![CDATA[true]]></PropVal><TAskData /><Bo><![CDATA[triBuilding]]></Bo><BoModule><![CDATA[Location]]></BoModule><GUI><![CDATA[triBuilding]]></GUI><Module><![CDATA[Location]]></Module></GUIMapping></GUIMappings></Task><Task Id="457175" Type="23" FilterOperator="10" RecurrenceId="0" MapId="-1" SRCTaskId="-1" TRGTTaskId="-1" AssigneeTaskId="0" SortCount="1" UseMap="0" LockUser="0" AssignToFlag="1" EstEndInDays="0" EstEndInHrs="0" EstEndInMins="0" DateContext="0" ServiceContext="1"><TaskLabel><![CDATA[Envizi disabled]]></TaskLabel><EventName /><Description /><DeleteSection /><SumSection /><SumField /><FilterSection /><FilterField /><FilterValue /><ServiceAssociation /><TargetAssociation /><TransactionType><![CDATA[0]]></TransactionType><Status><![CDATA[0]]></Status><ParametersMapId><![CDATA[-1]]></ParametersMapId><FormulaRecalc><![CDATA[0]]></FormulaRecalc><Module><![CDATA[Location]]></Module><BO><![CDATA[triBuilding]]></BO><AssociatedBO><![CDATA[-2]]></AssociatedBO><AssociatedModule><![CDATA[-2]]></AssociatedModule><AssignToUserMod /><AssignToUserBO /><AssignToUser /><TaskRefs><TaskRef RefType="0" UseType="1" TaskRefType="0" CtxType="-1" RefTaskId="457172"><RefSec /><RefField /><RefAssoc /><RefModule><![CDATA[Location]]></RefModule><RefObject><![CDATA[triBuilding]]></RefObject><RefRecordMod /><RefRecordBO /><RefRecord /></TaskRef></TaskRefs><GUIMappings><GUIMapping Id="0" Type="0" PropType="1" TaskId="0" ActId="0"><Tab><![CDATA[cstEnvizi]]></Tab><Section><![CDATA[^^]]></Section><Field><![CDATA[^^]]></Field><PropVal><![CDATA[false]]></PropVal><TAskData /><Bo><![CDATA[triBuilding]]></Bo><BoModule><![CDATA[Location]]></BoModule><GUI><![CDATA[triBuilding]]></GUI><Module><![CDATA[Location]]></Module></GUIMapping><GUIMapping Id="0" Type="0" PropType="8" TaskId="0" ActId="0"><Tab><![CDATA[triGeneral]]></Tab><Section><![CDATA[triPrimaryAddress]]></Section><Field><![CDATA[triGeographyLookupTX]]></Field><PropVal><![CDATA[false]]></PropVal><TAskData /><Bo><![CDATA[triBuilding]]></Bo><BoModule><![CDATA[Location]]></BoModule><GUI><![CDATA[triBuilding]]></GUI><Module><![CDATA[Location]]></Module></GUIMapping></GUIMappings></Task><Task Id="457383" Type="38" FilterOperator="10" RecurrenceId="0" MapId="-1" SRCTaskId="-1" TRGTTaskId="-1" AssigneeTaskId="0" SortCount="1" UseMap="1" LockUser="0" AssignToFlag="1" EstEndInDays="0" EstEndInHrs="0" EstEndInMins="0" DateContext="0" ServiceContext="1"><TaskLabel><![CDATA[Call Workflow]]></TaskLabel><EventName /><Description /><DeleteSection /><SumSection /><SumField /><FilterSection /><FilterField /><FilterValue /><ServiceAssociation /><TargetAssociation /><TransactionType><![CDATA[0]]></TransactionType><Status><![CDATA[0]]></Status><ParametersMapId><![CDATA[-1]]></ParametersMapId><FormulaRecalc><![CDATA[0]]></FormulaRecalc><FilterClass><![CDATA[20125]]></FilterClass><Module><![CDATA[Data Utilities]]></Module><BO><![CDATA[cstEnviziConfig]]></BO><FilterBo><![CDATA[triEnviziConfig - Synchronous  - Set missing data section]]></FilterBo><FilterBoBO><![CDATA[cstEnviziConfig]]></FilterBoBO><FilterModule><![CDATA[Data Utilities]]></FilterModule><AssignToUserMod /><AssignToUserBO /><AssignToUser /><TaskRefs><TaskRef RefType="0" UseType="1" TaskRefType="0" CtxType="-1" RefTaskId="457163"><RefSec /><RefField /><RefAssoc /><RefModule><![CDATA[Data Utilities]]></RefModule><RefObject><![CDATA[cstEnviziConfig]]></RefObject><RefRecordMod /><RefRecordBO /><RefRecord /></TaskRef><TaskRef RefType="-1" UseType="2" TaskRefType="-1" CtxType="-1" RefTaskId="-1"><RefSec /><RefField /><RefAssoc /><RefModule /><RefObject /></TaskRef></TaskRefs></Task><Task Id="457550" Type="38" FilterOperator="10" RecurrenceId="0" MapId="-1" SRCTaskId="-1" TRGTTaskId="-1" AssigneeTaskId="0" SortCount="1" UseMap="1" LockUser="0" AssignToFlag="1" EstEndInDays="0" EstEndInHrs="0" EstEndInMins="0" DateContext="0" ServiceContext="1"><TaskLabel><![CDATA[Call Workflow]]></TaskLabel><EventName /><Description /><DeleteSection /><SumSection /><SumField /><FilterSection /><FilterField /><FilterValue /><ServiceAssociation /><TargetAssociation /><TransactionType><![CDATA[0]]></TransactionType><Status><![CDATA[0]]></Status><ParametersMapId><![CDATA[-1]]></ParametersMapId><FormulaRecalc><![CDATA[0]]></FormulaRecalc><FilterClass><![CDATA[20125]]></FilterClass><Module><![CDATA[Data Utilities]]></Module><BO><![CDATA[cstEnviziConfig]]></BO><FilterBo><![CDATA[triEnviziConfig - Synchronous  - Set Envizi Hierarchy Path]]></FilterBo><FilterBoBO><![CDATA[cstEnviziConfig]]></FilterBoBO><FilterModule><![CDATA[Data Utilities]]></FilterModule><AssignToUserMod /><AssignToUserBO /><AssignToUser /><TaskRefs><TaskRef RefType="0" UseType="1" TaskRefType="0" CtxType="-1" RefTaskId="457163"><RefSec /><RefField><![CDATA[null]]></RefField><RefAssoc /><RefModule><![CDATA[Data Utilities]]></RefModule><RefObject><![CDATA[cstEnviziConfig]]></RefObject><RefRecordMod /><RefRecordBO /><RefRecord /></TaskRef><TaskRef RefType="-1" UseType="2" TaskRefType="-1" CtxType="-1" RefTaskId="-1"><RefSec /><RefField /><RefAssoc /><RefModule /><RefObject /></TaskRef></TaskRefs></Task><Task Id="300634" Type="24" FilterOperator="10" RecurrenceId="0" MapId="-1" SRCTaskId="-1" TRGTTaskId="-1" AssigneeTaskId="300635" SortCount="1" UseMap="1" LockUser="0" AssignToFlag="1" EstEndInDays="0" EstEndInHrs="0" EstEndInMins="0" DateContext="0" ServiceContext="1"><TaskLabel><![CDATA[Iter TaskAll Building]]></TaskLabel><EventName /><Description /><DeleteSection /><SumSection /><SumField /><FilterSection /><FilterField /><FilterValue /><ServiceAssociation /><TargetAssociation><![CDATA[300635;300636;]]></TargetAssociation><TransactionType><![CDATA[0]]></TransactionType><Status><![CDATA[0]]></Status><ParametersMapId><![CDATA[-1]]></ParametersMapId><FormulaRecalc><![CDATA[0]]></FormulaRecalc><Module><![CDATA[Location]]></Module><BO><![CDATA[triBuilding]]></BO><AssignToUserMod /><AssignToUserBO /><AssignToUser /><TaskRefs><TaskRef RefType="0" UseType="1" TaskRefType="0" CtxType="-1" RefTaskId="457168"><RefSec /><RefField><![CDATA[null]]></RefField><RefAssoc /><RefModule><![CDATA[Location]]></RefModule><RefObject><![CDATA[triBuilding]]></RefObject><RefRecordMod /><RefRecordBO /><RefRecord /></TaskRef></TaskRefs></Task><Task Id="300635" Type="11" FilterOperator="10" RecurrenceId="0" MapId="-1" SRCTaskId="-1" TRGTTaskId="-1" AssigneeTaskId="300634" SortCount="1" UseMap="1" LockUser="0" AssignToFlag="1" EstEndInDays="0" EstEndInHrs="0" EstEndInMins="0" DateContext="0" ServiceContext="1"><TaskLabel /><EventName /><Description /><DeleteSection /><SumSection /><SumField /><FilterSection /><FilterField /><FilterValue /><ServiceAssociation /><TargetAssociation /><TransactionType><![CDATA[0]]></TransactionType><Status><![CDATA[0]]></Status><ParametersMapId><![CDATA[-1]]></ParametersMapId><FormulaRecalc><![CDATA[0]]></FormulaRecalc><Module /><BO /><AssignToUserMod /><AssignToUserBO /><AssignToUser /><TaskRefs /></Task><Task Id="300636" Type="38" FilterOperator="10" RecurrenceId="0" MapId="-1" SRCTaskId="-1" TRGTTaskId="-1" AssigneeTaskId="0" SortCount="1" UseMap="1" LockUser="0" AssignToFlag="1" EstEndInDays="0" EstEndInHrs="0" EstEndInMins="0" DateContext="0" ServiceContext="1"><TaskLabel><![CDATA[Set Envizi fields]]></TaskLabel><EventName /><Description /><DeleteSection /><SumSection /><SumField /><FilterSection /><FilterField /><FilterValue /><ServiceAssociation /><TargetAssociation /><TransactionType><![CDATA[0]]></TransactionType><Status><![CDATA[0]]></Status><ParametersMapId><![CDATA[-1]]></ParametersMapId><FormulaRecalc><![CDATA[0]]></FormulaRecalc><Module><![CDATA[Location]]></Module><BO><![CDATA[triBuilding]]></BO><FilterBo><![CDATA[triBuilding - Update Envizi fields with defined options]]></FilterBo><FilterBoBO><![CDATA[triBuilding]]></FilterBoBO><FilterModule><![CDATA[Location]]></FilterModule><AssignToUserMod /><AssignToUserBO /><AssignToUser /><TaskRefs><TaskRef RefType="0" UseType="1" TaskRefType="0" CtxType="-1" RefTaskId="300634"><RefSec /><RefField><![CDATA[null]]></RefField><RefAssoc /><RefModule><![CDATA[Location]]></RefModule><RefObject><![CDATA[triBuilding]]></RefObject><RefRecordMod /><RefRecordBO /><RefRecord /></TaskRef><TaskRef RefType="-1" UseType="2" TaskRefType="-1" CtxType="-1" RefTaskId="-1"><RefSec /><RefField /><RefAssoc /><RefModule /><RefObject /></TaskRef></TaskRefs></Task></Tasks><WFSteps><WFStep Id="0" Type="1" ParId="-1" /><WFStep Id="457161" Type="25" ParId="0" /><WFStep Id="457168" Type="22" ParId="457161" /><WFStep Id="457158" Type="14" ParId="457168" /><WFStep Id="457165" Type="14" ParId="457158" /><WFStep Id="457170" Type="24" ParId="457165" /><WFStep Id="457171" Type="11" ParId="457170" /><WFStep Id="457166" Type="12" ParId="457171" /><WFStep Id="457174" Type="23" ParId="457170" /><WFStep Id="457170" Type="24" ParId="457174" /><WFStep Id="457172" Type="24" ParId="457165" /><WFStep Id="457173" Type="11" ParId="457172" /><WFStep Id="457166" Type="12" ParId="457173" /><WFStep Id="457159" Type="12" ParId="457166" /><WFStep Id="457175" Type="23" ParId="457172" /><WFStep Id="457172" Type="24" ParId="457175" /><WFStep Id="457159" Type="12" ParId="457158" /><WFStep Id="457163" Type="26" ParId="457159" /><WFStep Id="457383" Type="38" ParId="457163" /><WFStep Id="457550" Type="38" ParId="457383" /><WFStep Id="300634" Type="24" ParId="457550" /><WFStep Id="300635" Type="11" ParId="300634" /><WFStep Id="457157" Type="9" ParId="300635" /><WFStep Id="300636" Type="38" ParId="300634" /><WFStep Id="300634" Type="24" ParId="300636" /></WFSteps></Workflow>
