<?xml version="1.0" encoding="UTF-8"?>
<!-- IBM Confidential OCO Source Materials --><!-- (C) COPYRIGHT IBM CORP. 2011-2022 --><!-- The source code for this program is not published or otherwise divested of its trade secrets, irrespective of what has been deposited with the U.S. Copyright Office. --><GUI><GUIHeader AssocTab="1" Sched="0" Type="0" Audit="0" AuditAction="0" Approval="0" SingTab="0" WFTab="1" PrintTab="0" Default="1" ExcelCal="0" AllowBookmarkCreate="0" AllowBookmarkSpecific="0" PopupHeight="0" PopupWidth="0"><ObjectLabelName><![CDATA[In Progress 0.0]]></ObjectLabelName><Module><![CDATA[Data Utilities]]></Module><BoName><![CDATA[cstEnviziUtility]]></BoName><Name><![CDATA[cstEnviziUtility]]></Name><Label><![CDATA[Envizi Utility]]></Label><Description /><UpdatedBy><![CDATA[System, System]]></UpdatedBy></GUIHeader><Tabs><Tab TId="1" Seq="1" Visible="1" Custom="0"><TName><![CDATA[cstGeneral]]></TName><TLabel><![CDATA[General]]></TLabel><THeader /><TComment /><TURL /><AccessKey /><TStyle /><Sections><Section SId="1" Type="0" Seq="0" SRow="1" SCol="1" RSpan="1" CSpan="12" Visible="1" ROnly="0" ShowEmbeddedLink="1" ParentSecId="-1" ShowHdr="1" BorderSize="0" Height="0" Input="0" ShowAdd="0" FinRep="0" SingleSelect="0" SelectAssociationTemp="0" RefreshTime="0" FixedColCnt="0" HierarchyFieldsSection="0" ComparisonSection="0" PrinterFriendlyLink="0" SmartQueryFormat="0" Orientation="0" MaxViewMode="16" ViewModesEnabled="150" DefaultViewMode="16" ShowTimeSelector="0" EnableTimeSelectorEdit="0" EnableResourceSelect="0" ResourceSelectCreateAssociation="0" lockGraphicTheme="0" autoZoom="0" zoomPercent="100" zoomDelay="0" allowDelete="1" LoadAppletWhenSectionLoads="1"><Name><![CDATA[cstEnviziGroupInfo]]></Name><Label><![CDATA[Envizi Group Info]]></Label><Association /><SelectAssociation /><DDSecName /><BGround /><TitleColor /><BorderColor /><SStyle /><ComparisonAssociation /><CalendarSetName /><contextOverride /><ThemeName /><Fields><Field FId="8" SRow="1" RSpan="2" SCol="1" CSpan="4" NoLabel="0" Size="-1" ROnly="1" Border="0" Visible="1" ShowUom="0" GroupSeq="0" Width="0" TabOrder="0" MinSize="0" MaxSize="0" FldPos="2" DAlign="0" UIType="-1" AtrSeq="1010" IconPos="0" ScoreType="0" HierarchicalParentFieldId="0" DefaultHierarchicalState="0" DeltaType="0" DeltaPrecision="0" UseCustomDisplay="0" ColumnUse="0" TextNoWrap="1" SmartSectionLocatorEnabled="0"><Name><![CDATA[Instructions]]></Name><Type><![CDATA[Text]]></Type><Label><![CDATA[Instructions]]></Label><Required><![CDATA[N]]></Required><DDFieldName><![CDATA[Instructions]]></DDFieldName><DDFldSecName><![CDATA[Instructions]]></DDFldSecName><LFont><![CDATA[Trebuchet MS]]></LFont><LColor><![CDATA[#000000]]></LColor><LSize><![CDATA[10]]></LSize><LWeight><![CDATA[bold]]></LWeight><SubType><![CDATA[undefined]]></SubType><Format><![CDATA[undefined]]></Format><LabStyle><![CDATA[labelStyleClass1]]></LabStyle><DataStyle><![CDATA[dataStyleClass1]]></DataStyle><Prefix /><FldColor /><SubLabelStyle /><DisplayMask><![CDATA[#.####]]></DisplayMask><DurationDisplayTokens /></Field><Field FId="2" SRow="2" RSpan="1" SCol="1" CSpan="1" NoLabel="0" Size="-1" ROnly="0" Border="0" Visible="1" ShowUom="0" GroupSeq="0" Width="0" TabOrder="0" MinSize="0" MaxSize="0" FldPos="2" DAlign="0" UIType="-1" AtrSeq="1007" IconPos="0" ScoreType="0" HierarchicalParentFieldId="0" DefaultHierarchicalState="0" DeltaType="0" DeltaPrecision="0" UseCustomDisplay="0" ColumnUse="0" TextNoWrap="1" SmartSectionLocatorEnabled="0"><Name><![CDATA[cstEnviziGroupName1TX]]></Name><Type><![CDATA[Text]]></Type><Label><![CDATA[Envizi Group Name 1]]></Label><Required><![CDATA[N]]></Required><DDFieldName><![CDATA[cstEnviziGroupName1TX]]></DDFieldName><DDFldSecName><![CDATA[RecordInformation]]></DDFldSecName><LFont><![CDATA[Trebuchet MS]]></LFont><LColor><![CDATA[#000000]]></LColor><LSize><![CDATA[10]]></LSize><LWeight><![CDATA[bold]]></LWeight><SubType><![CDATA[undefined]]></SubType><Format><![CDATA[undefined]]></Format><LabStyle><![CDATA[labelStyleClass1]]></LabStyle><DataStyle><![CDATA[dataStyleClass1]]></DataStyle><Prefix /><FldColor /><SubLabelStyle /><DisplayMask><![CDATA[#.####]]></DisplayMask><DurationDisplayTokens /></Field><Field FId="3" SRow="2" RSpan="1" SCol="2" CSpan="1" NoLabel="0" Size="-1" ROnly="0" Border="0" Visible="1" ShowUom="0" GroupSeq="0" Width="0" TabOrder="0" MinSize="0" MaxSize="0" FldPos="2" DAlign="0" UIType="-1" AtrSeq="1008" IconPos="0" ScoreType="0" HierarchicalParentFieldId="0" DefaultHierarchicalState="0" DeltaType="0" DeltaPrecision="0" UseCustomDisplay="0" ColumnUse="0" TextNoWrap="1" SmartSectionLocatorEnabled="0"><Name><![CDATA[cstEnviziGroupName2TX]]></Name><Type><![CDATA[Text]]></Type><Label><![CDATA[Envizi Group Name 2]]></Label><Required><![CDATA[N]]></Required><DDFieldName><![CDATA[cstEnviziGroupName2TX]]></DDFieldName><DDFldSecName><![CDATA[RecordInformation]]></DDFldSecName><LFont><![CDATA[Trebuchet MS]]></LFont><LColor><![CDATA[#000000]]></LColor><LSize><![CDATA[10]]></LSize><LWeight><![CDATA[bold]]></LWeight><SubType><![CDATA[undefined]]></SubType><Format><![CDATA[undefined]]></Format><LabStyle><![CDATA[labelStyleClass1]]></LabStyle><DataStyle><![CDATA[dataStyleClass1]]></DataStyle><Prefix /><FldColor /><SubLabelStyle /><DisplayMask><![CDATA[#.####]]></DisplayMask><DurationDisplayTokens /></Field><Field FId="4" SRow="2" RSpan="1" SCol="3" CSpan="1" NoLabel="0" Size="-1" ROnly="0" Border="0" Visible="1" ShowUom="0" GroupSeq="0" Width="0" TabOrder="0" MinSize="0" MaxSize="0" FldPos="2" DAlign="0" UIType="-1" AtrSeq="1009" IconPos="0" ScoreType="0" HierarchicalParentFieldId="0" DefaultHierarchicalState="0" DeltaType="0" DeltaPrecision="0" UseCustomDisplay="0" ColumnUse="0" TextNoWrap="1" SmartSectionLocatorEnabled="0"><Name><![CDATA[cstEnviziGroupName3TX]]></Name><Type><![CDATA[Text]]></Type><Label><![CDATA[Envizi Group Name 3]]></Label><Required><![CDATA[N]]></Required><DDFieldName><![CDATA[cstEnviziGroupName3TX]]></DDFieldName><DDFldSecName><![CDATA[RecordInformation]]></DDFldSecName><LFont><![CDATA[Trebuchet MS]]></LFont><LColor><![CDATA[#000000]]></LColor><LSize><![CDATA[10]]></LSize><LWeight><![CDATA[bold]]></LWeight><SubType><![CDATA[undefined]]></SubType><Format><![CDATA[undefined]]></Format><LabStyle><![CDATA[labelStyleClass1]]></LabStyle><DataStyle><![CDATA[dataStyleClass1]]></DataStyle><Prefix /><FldColor /><SubLabelStyle /><DisplayMask><![CDATA[#.####]]></DisplayMask><DurationDisplayTokens /></Field></Fields></Section><Section SId="2" Type="1" Seq="0" SRow="2" SCol="1" RSpan="1" CSpan="12" Visible="1" ROnly="0" ShowEmbeddedLink="0" ParentSecId="-1" ShowHdr="1" BorderSize="0" Height="0" Input="0" ShowAdd="0" FinRep="0" SingleSelect="0" SelectAssociationTemp="0" RefreshTime="0" FixedColCnt="0" HierarchyFieldsSection="0" ComparisonSection="0" PrinterFriendlyLink="0" SmartQueryFormat="0" Orientation="0" MaxViewMode="16" ViewModesEnabled="150" DefaultViewMode="16" ShowTimeSelector="0" EnableTimeSelectorEdit="0" EnableResourceSelect="0" ResourceSelectCreateAssociation="0" lockGraphicTheme="0" autoZoom="0" zoomPercent="100" zoomDelay="0" allowDelete="1" LoadAppletWhenSectionLoads="1"><Name><![CDATA[csBuildingInfo]]></Name><Label><![CDATA[Buildings]]></Label><Association /><SelectAssociation /><DDSecName><![CDATA[csBuildingInfo]]></DDSecName><BGround /><TitleColor /><BorderColor /><SStyle /><ComparisonAssociation /><CalendarSetName /><contextOverride /><ThemeName /><CActions><CAction Seq="1" SeqId="1" ActTypeId="1" ActType="1" Visible="1" Active="1" SingleSelect="0" PermAssoc="0" SaveOnPopup="0" ActionViewType="1"><ActLabel><![CDATA[Find]]></ActLabel><TempAssociation /><AccessKey /><PopupName><![CDATA[/html/en/default/common/breakOutWithHeaders.jsp?winName=/WebProcess.srv?objectId=840000&actionId=750812]]></PopupName></CAction><CAction Seq="2" SeqId="2" ActTypeId="1" ActType="0" Visible="1" Active="1" SingleSelect="0" PermAssoc="0" SaveOnPopup="0" ActionViewType="1"><ActLabel><![CDATA[Delete]]></ActLabel><TempAssociation /><AccessKey /><PopupName><![CDATA[javascript:executePostPageAction('750000','750214','-1','-1', 0,'4')]]></PopupName></CAction></CActions><Fields><Field FId="6" SRow="1" RSpan="1" SCol="2" CSpan="1" NoLabel="0" Size="50" ROnly="1" Border="1" Visible="1" ShowUom="0" GroupSeq="0" Width="0" TabOrder="0" MinSize="0" MaxSize="0" FldPos="2" DAlign="0" UIType="0" AtrSeq="1012" IconPos="0" ScoreType="0" HierarchicalParentFieldId="0" DefaultHierarchicalState="0" DeltaType="0" DeltaPrecision="0" UseCustomDisplay="0" ColumnUse="0" TextNoWrap="1" SmartSectionLocatorEnabled="0"><Name><![CDATA[triNameTX]]></Name><Type><![CDATA[Text]]></Type><Label><![CDATA[Name]]></Label><Required><![CDATA[Y]]></Required><DDFieldName><![CDATA[triNameTX]]></DDFieldName><DDFldSecName><![CDATA[csBuildingInfo]]></DDFldSecName><LFont><![CDATA[Trebuchet MS]]></LFont><LColor><![CDATA[#000000]]></LColor><LSize><![CDATA[10]]></LSize><LWeight><![CDATA[bold]]></LWeight><SubType /><Format /><LabStyle /><DataStyle /><Prefix /><FldColor /><SubLabelStyle /><DisplayMask><![CDATA[#.####]]></DisplayMask><DurationDisplayTokens /></Field><Field FId="7" SRow="2" RSpan="1" SCol="1" CSpan="1" NoLabel="0" Size="-1" ROnly="1" Border="1" Visible="1" ShowUom="0" GroupSeq="0" Width="0" TabOrder="0" MinSize="0" MaxSize="0" FldPos="2" DAlign="0" UIType="0" AtrSeq="1013" IconPos="0" ScoreType="0" HierarchicalParentFieldId="0" DefaultHierarchicalState="0" DeltaType="0" DeltaPrecision="0" UseCustomDisplay="0" ColumnUse="0" TextNoWrap="1" SmartSectionLocatorEnabled="0"><Name><![CDATA[triStatusCL]]></Name><Type><![CDATA[Classification]]></Type><Label><![CDATA[Status]]></Label><Required><![CDATA[N]]></Required><DDFieldName><![CDATA[triStatusCL]]></DDFieldName><DDFldSecName><![CDATA[csBuildingInfo]]></DDFldSecName><LFont><![CDATA[Trebuchet MS]]></LFont><LColor><![CDATA[#000000]]></LColor><LSize><![CDATA[10]]></LSize><LWeight><![CDATA[bold]]></LWeight><SubType /><Format /><LabStyle /><DataStyle /><Prefix /><FldColor /><SubLabelStyle /><DisplayMask><![CDATA[#.####]]></DisplayMask><DurationDisplayTokens /><ClassificationRoot><![CDATA[\Classifications\Status]]></ClassificationRoot></Field><Field FId="5" SRow="2" RSpan="1" SCol="2" CSpan="1" NoLabel="0" Size="50" ROnly="1" Border="1" Visible="1" ShowUom="0" GroupSeq="0" Width="0" TabOrder="0" MinSize="0" MaxSize="0" FldPos="2" DAlign="0" UIType="0" AtrSeq="1011" IconPos="0" ScoreType="0" HierarchicalParentFieldId="0" DefaultHierarchicalState="0" DeltaType="0" DeltaPrecision="0" UseCustomDisplay="0" ColumnUse="0" TextNoWrap="1" SmartSectionLocatorEnabled="0"><Name><![CDATA[triIdTX]]></Name><Type><![CDATA[Text]]></Type><Label><![CDATA[ID]]></Label><Required><![CDATA[N]]></Required><DDFieldName><![CDATA[triIdTX]]></DDFieldName><DDFldSecName><![CDATA[csBuildingInfo]]></DDFldSecName><LFont><![CDATA[Trebuchet MS]]></LFont><LColor><![CDATA[#000000]]></LColor><LSize><![CDATA[10]]></LSize><LWeight><![CDATA[bold]]></LWeight><SubType /><Format /><LabStyle /><DataStyle /><Prefix /><FldColor /><SubLabelStyle /><DisplayMask><![CDATA[#.####]]></DisplayMask><DurationDisplayTokens /></Field></Fields></Section></Sections></Tab></Tabs><StateTransitions><StateTransition CloseScr="0" Display="1" ReadOnly="0" Seq="0" StateSeq="0" NStateSeq="1" TabId="-1" SecAction="0"><State><![CDATA[Draft]]></State><Action><![CDATA[MASSUPDATE]]></Action><NState><![CDATA[updated]]></NState><ActLabel><![CDATA[Update Records]]></ActLabel><AccessKey /></StateTransition><StateTransition CloseScr="0" Display="1" ReadOnly="0" Seq="1" StateSeq="2" NStateSeq="0" TabId="-1" SecAction="0"><State><![CDATA[null]]></State><Action><![CDATA[triCreate]]></Action><NState><![CDATA[Draft]]></NState><ActLabel><![CDATA[Create]]></ActLabel><AccessKey /></StateTransition></StateTransitions></GUI>
