<?xml version="1.0" encoding="UTF-8"?>
<!-- IBM Confidential OCO Source Materials --><!-- (C) COPYRIGHT IBM CORP. 2011-2022 --><!-- The source code for this program is not published or otherwise divested of its trade secrets, irrespective of what has been deposited with the U.S. Copyright Office. --><Workflow><Header Type="0" WfStatus="10" IgnoreModuleLevel="0" InstanceData="0" LockRecord="0" Modifier="0"><ObjectLabelName><![CDATA[In Progress 0.0]]></ObjectLabelName><Name><![CDATA[cst - cstEnviziUtility - Synchronous - Update Buildings with Group Names]]></Name><Module><![CDATA[Data Utilities]]></Module><BO><![CDATA[cstEnviziUtility]]></BO><EventName><![CDATA[Pre-Create]]></EventName><Description /><AssociationName /><UpdatedBy><![CDATA[System, System]]></UpdatedBy><AssociatedBO /><AssociatedModule><![CDATA[Data Utilities]]></AssociatedModule></Header><Tasks><Task Id="0" Type="1" FilterOperator="10" RecurrenceId="0" MapId="458186" SRCTaskId="-1" TRGTTaskId="-1" AssigneeTaskId="0" SortCount="1" UseMap="1" LockUser="0" AssignToFlag="1" EstEndInDays="0" EstEndInHrs="0" EstEndInMins="0" DateContext="0" ServiceContext="1"><TaskLabel><![CDATA[Start]]></TaskLabel><EventName><![CDATA[Pre-Create]]></EventName><Description /><DeleteSection /><SumSection /><SumField /><FilterSection /><FilterField /><FilterValue /><ServiceAssociation /><TargetAssociation /><TransactionType><![CDATA[0]]></TransactionType><Status><![CDATA[0]]></Status><ParametersMapId><![CDATA[-1]]></ParametersMapId><FormulaRecalc><![CDATA[0]]></FormulaRecalc><Module><![CDATA[Data Utilities]]></Module><BO><![CDATA[cstEnviziUtility]]></BO><AssociatedModule><![CDATA[Data Utilities]]></AssociatedModule><AssociatedBO /><AssignToUserMod /><AssignToUserBO /><AssignToUser /><TaskRefs /><Condition><Expression><![CDATA[ ]]></Expression></Condition></Task><Task Id="446837" Type="9" FilterOperator="10" RecurrenceId="0" MapId="-1" SRCTaskId="-1" TRGTTaskId="-1" AssigneeTaskId="0" SortCount="1" UseMap="1" LockUser="0" AssignToFlag="1" EstEndInDays="0" EstEndInHrs="0" EstEndInMins="0" DateContext="0" ServiceContext="1"><TaskLabel /><EventName /><Description /><DeleteSection /><SumSection /><SumField /><FilterSection /><FilterField /><FilterValue /><ServiceAssociation /><TargetAssociation /><TransactionType><![CDATA[0]]></TransactionType><Status><![CDATA[0]]></Status><ParametersMapId><![CDATA[-1]]></ParametersMapId><FormulaRecalc><![CDATA[0]]></FormulaRecalc><Module /><BO /><AssignToUserMod /><AssignToUserBO /><AssignToUser /><TaskRefs /></Task><Task Id="446937" Type="30" FilterOperator="10" RecurrenceId="0" MapId="-1" SRCTaskId="-1" TRGTTaskId="-1" AssigneeTaskId="0" SortCount="1" UseMap="1" LockUser="0" AssignToFlag="1" EstEndInDays="0" EstEndInHrs="0" EstEndInMins="0" DateContext="0" ServiceContext="1"><TaskLabel><![CDATA[Associate Records]]></TaskLabel><EventName><![CDATA[De-Associate]]></EventName><Description /><DeleteSection /><SumSection /><SumField /><FilterSection /><FilterField /><FilterValue /><ServiceAssociation><![CDATA[Associated To]]></ServiceAssociation><TargetAssociation /><TransactionType><![CDATA[0]]></TransactionType><Status><![CDATA[0]]></Status><ParametersMapId><![CDATA[-1]]></ParametersMapId><FormulaRecalc><![CDATA[0]]></FormulaRecalc><Module><![CDATA[Location]]></Module><BO><![CDATA[triBuilding]]></BO><AssignToUserMod /><AssignToUserBO /><AssignToUser /><TaskRefs><TaskRef RefType="0" UseType="1" TaskRefType="0" CtxType="-1" RefTaskId="456153"><RefSec /><RefField><![CDATA[null]]></RefField><RefAssoc /><RefModule><![CDATA[Location]]></RefModule><RefObject><![CDATA[triBuilding]]></RefObject><RefRecordMod /><RefRecordBO /><RefRecord /></TaskRef><TaskRef RefType="1" UseType="2" TaskRefType="0" CtxType="-1" RefTaskId="0"><RefSec /><RefField><![CDATA[null]]></RefField><RefAssoc /><RefModule><![CDATA[Data Utilities]]></RefModule><RefObject><![CDATA[cstEnviziUtility]]></RefObject></TaskRef></TaskRefs></Task><Task Id="456137" Type="14" FilterOperator="10" RecurrenceId="0" MapId="458187" SRCTaskId="-1" TRGTTaskId="456138" AssigneeTaskId="0" SortCount="1" UseMap="1" LockUser="0" AssignToFlag="1" EstEndInDays="0" EstEndInHrs="0" EstEndInMins="0" DateContext="0" ServiceContext="1"><TaskLabel /><EventName><![CDATA[0=true;1=false;]]></EventName><Description /><DeleteSection /><SumSection /><SumField /><FilterSection /><FilterField /><FilterValue /><ServiceAssociation /><TargetAssociation><![CDATA[456147;456138;]]></TargetAssociation><TransactionType><![CDATA[0]]></TransactionType><Status><![CDATA[0]]></Status><ParametersMapId><![CDATA[-1]]></ParametersMapId><FormulaRecalc><![CDATA[0]]></FormulaRecalc><Module /><BO /><AssignToUserMod /><AssignToUserBO /><AssignToUser /><TaskRefs /><Condition><Expression><![CDATA[p0 != ""  ]]></Expression><Params><Param PId="0"><PType><![CDATA[field]]></PType><PDataId><![CDATA[0]]></PDataId><PField><![CDATA[cstEnviziGroupName1TX]]></PField><PSection><![CDATA[RecordInformation]]></PSection><PModule><![CDATA[Data Utilities]]></PModule><PBO><![CDATA[cstEnviziUtility]]></PBO></Param></Params></Condition></Task><Task Id="456138" Type="12" FilterOperator="10" RecurrenceId="0" MapId="-1" SRCTaskId="-1" TRGTTaskId="-1" AssigneeTaskId="0" SortCount="1" UseMap="1" LockUser="0" AssignToFlag="1" EstEndInDays="0" EstEndInHrs="0" EstEndInMins="0" DateContext="0" ServiceContext="1"><TaskLabel /><EventName /><Description /><DeleteSection /><SumSection /><SumField /><FilterSection /><FilterField /><FilterValue /><ServiceAssociation /><TargetAssociation /><TransactionType><![CDATA[0]]></TransactionType><Status><![CDATA[0]]></Status><ParametersMapId><![CDATA[-1]]></ParametersMapId><FormulaRecalc><![CDATA[0]]></FormulaRecalc><Module /><BO /><AssignToUserMod /><AssignToUserBO /><AssignToUser /><TaskRefs /></Task><Task Id="456140" Type="14" FilterOperator="10" RecurrenceId="0" MapId="458188" SRCTaskId="-1" TRGTTaskId="456141" AssigneeTaskId="0" SortCount="1" UseMap="1" LockUser="0" AssignToFlag="1" EstEndInDays="0" EstEndInHrs="0" EstEndInMins="0" DateContext="0" ServiceContext="1"><TaskLabel /><EventName><![CDATA[0=true;1=false;]]></EventName><Description /><DeleteSection /><SumSection /><SumField /><FilterSection /><FilterField /><FilterValue /><ServiceAssociation /><TargetAssociation><![CDATA[456149;456141;]]></TargetAssociation><TransactionType><![CDATA[0]]></TransactionType><Status><![CDATA[0]]></Status><ParametersMapId><![CDATA[-1]]></ParametersMapId><FormulaRecalc><![CDATA[0]]></FormulaRecalc><Module /><BO /><AssignToUserMod /><AssignToUserBO /><AssignToUser /><TaskRefs /><Condition><Expression><![CDATA[p0 != ""  ]]></Expression><Params><Param PId="0"><PType><![CDATA[field]]></PType><PDataId><![CDATA[0]]></PDataId><PField><![CDATA[cstEnviziGroupName2TX]]></PField><PSection><![CDATA[RecordInformation]]></PSection><PModule><![CDATA[Data Utilities]]></PModule><PBO><![CDATA[cstEnviziUtility]]></PBO></Param></Params></Condition></Task><Task Id="456141" Type="12" FilterOperator="10" RecurrenceId="0" MapId="-1" SRCTaskId="-1" TRGTTaskId="-1" AssigneeTaskId="0" SortCount="1" UseMap="1" LockUser="0" AssignToFlag="1" EstEndInDays="0" EstEndInHrs="0" EstEndInMins="0" DateContext="0" ServiceContext="1"><TaskLabel /><EventName /><Description /><DeleteSection /><SumSection /><SumField /><FilterSection /><FilterField /><FilterValue /><ServiceAssociation /><TargetAssociation /><TransactionType><![CDATA[0]]></TransactionType><Status><![CDATA[0]]></Status><ParametersMapId><![CDATA[-1]]></ParametersMapId><FormulaRecalc><![CDATA[0]]></FormulaRecalc><Module /><BO /><AssignToUserMod /><AssignToUserBO /><AssignToUser /><TaskRefs /></Task><Task Id="456143" Type="14" FilterOperator="10" RecurrenceId="0" MapId="458189" SRCTaskId="-1" TRGTTaskId="456144" AssigneeTaskId="0" SortCount="1" UseMap="1" LockUser="0" AssignToFlag="1" EstEndInDays="0" EstEndInHrs="0" EstEndInMins="0" DateContext="0" ServiceContext="1"><TaskLabel /><EventName><![CDATA[0=true;1=false;]]></EventName><Description /><DeleteSection /><SumSection /><SumField /><FilterSection /><FilterField /><FilterValue /><ServiceAssociation /><TargetAssociation><![CDATA[456151;456144;]]></TargetAssociation><TransactionType><![CDATA[0]]></TransactionType><Status><![CDATA[0]]></Status><ParametersMapId><![CDATA[-1]]></ParametersMapId><FormulaRecalc><![CDATA[0]]></FormulaRecalc><Module /><BO /><AssignToUserMod /><AssignToUserBO /><AssignToUser /><TaskRefs /><Condition><Expression><![CDATA[p0 != ""  ]]></Expression><Params><Param PId="0"><PType><![CDATA[field]]></PType><PDataId><![CDATA[0]]></PDataId><PField><![CDATA[cstEnviziGroupName3TX]]></PField><PSection><![CDATA[RecordInformation]]></PSection><PModule><![CDATA[Data Utilities]]></PModule><PBO><![CDATA[cstEnviziUtility]]></PBO></Param></Params></Condition></Task><Task Id="456144" Type="12" FilterOperator="10" RecurrenceId="0" MapId="-1" SRCTaskId="-1" TRGTTaskId="-1" AssigneeTaskId="0" SortCount="1" UseMap="1" LockUser="0" AssignToFlag="1" EstEndInDays="0" EstEndInHrs="0" EstEndInMins="0" DateContext="0" ServiceContext="1"><TaskLabel /><EventName /><Description /><DeleteSection /><SumSection /><SumField /><FilterSection /><FilterField /><FilterValue /><ServiceAssociation /><TargetAssociation /><TransactionType><![CDATA[0]]></TransactionType><Status><![CDATA[0]]></Status><ParametersMapId><![CDATA[-1]]></ParametersMapId><FormulaRecalc><![CDATA[0]]></FormulaRecalc><Module /><BO /><AssignToUserMod /><AssignToUserBO /><AssignToUser /><TaskRefs /></Task><Task Id="456147" Type="28" FilterOperator="10" RecurrenceId="0" MapId="170910" SRCTaskId="-1" TRGTTaskId="-1" AssigneeTaskId="0" SortCount="1" UseMap="1" LockUser="0" AssignToFlag="1" EstEndInDays="0" EstEndInHrs="0" EstEndInMins="0" DateContext="0" ServiceContext="1"><TaskLabel><![CDATA[Modify GroupName1]]></TaskLabel><EventName><![CDATA[Append]]></EventName><Description /><DeleteSection /><SumSection /><SumField /><FilterSection /><FilterField /><FilterValue /><ServiceAssociation /><TargetAssociation /><TransactionType><![CDATA[0]]></TransactionType><Status><![CDATA[0]]></Status><ParametersMapId><![CDATA[-1]]></ParametersMapId><FormulaRecalc><![CDATA[2]]></FormulaRecalc><Module><![CDATA[Location]]></Module><BO><![CDATA[triBuilding]]></BO><AssignToUserMod /><AssignToUserBO /><AssignToUser /><TaskRefs><TaskRef RefType="0" UseType="1" TaskRefType="0" CtxType="-1" RefTaskId="456153"><RefSec /><RefField><![CDATA[null]]></RefField><RefAssoc><![CDATA[Associated To]]></RefAssoc><RefModule><![CDATA[Location]]></RefModule><RefObject><![CDATA[triBuilding]]></RefObject><RefRecordMod /><RefRecordBO /><RefRecord /></TaskRef><TaskRef RefType="1" UseType="2" TaskRefType="0" CtxType="-1" RefTaskId="0"><RefSec /><RefField><![CDATA[null]]></RefField><RefAssoc /><RefModule><![CDATA[Data Utilities]]></RefModule><RefObject><![CDATA[cstEnviziUtility]]></RefObject></TaskRef></TaskRefs><ObjMappings><ObjMapping Id="170910" Type="40"><FldVal /><SrcFldVal /><TrgtModule><![CDATA[Location]]></TrgtModule><TrgtBo><![CDATA[triBuilding]]></TrgtBo><SrcModule><![CDATA[Data Utilities]]></SrcModule><SrcBo><![CDATA[cstEnviziUtility]]></SrcBo><TrgtTab><![CDATA[General]]></TrgtTab><TrgtSec><![CDATA[RecordInformation]]></TrgtSec><TrgtFld><![CDATA[cstEnviziParentThreeTX]]></TrgtFld><SrcTab /><SrcSec /><SrcFld /></ObjMapping><ObjMapping Id="170910" Type="40"><FldVal /><SrcFldVal /><TrgtModule><![CDATA[Location]]></TrgtModule><TrgtBo><![CDATA[triBuilding]]></TrgtBo><SrcModule><![CDATA[Data Utilities]]></SrcModule><SrcBo><![CDATA[cstEnviziUtility]]></SrcBo><TrgtTab><![CDATA[General]]></TrgtTab><TrgtSec><![CDATA[RecordInformation]]></TrgtSec><TrgtFld><![CDATA[cstEnviziParentTwoTX]]></TrgtFld><SrcTab /><SrcSec /><SrcFld /></ObjMapping><ObjMapping Id="170910" Type="10"><FldVal><![CDATA[RecordInformation::cstEnviziGroupName1TX]]></FldVal><SrcFldVal /><TrgtModule><![CDATA[Location]]></TrgtModule><TrgtBo><![CDATA[triBuilding]]></TrgtBo><SrcModule><![CDATA[Data Utilities]]></SrcModule><SrcBo><![CDATA[cstEnviziUtility]]></SrcBo><TrgtTab><![CDATA[General]]></TrgtTab><TrgtSec><![CDATA[RecordInformation]]></TrgtSec><TrgtFld><![CDATA[cstEnviziGroupNamePathTX]]></TrgtFld><SrcTab><![CDATA[General]]></SrcTab><SrcSec><![CDATA[RecordInformation]]></SrcSec><SrcFld><![CDATA[cstEnviziGroupName1TX]]></SrcFld></ObjMapping><ObjMapping Id="170910" Type="10"><FldVal><![CDATA[RecordInformation::cstEnviziGroupName1TX]]></FldVal><SrcFldVal /><TrgtModule><![CDATA[Location]]></TrgtModule><TrgtBo><![CDATA[triBuilding]]></TrgtBo><SrcModule><![CDATA[Data Utilities]]></SrcModule><SrcBo><![CDATA[cstEnviziUtility]]></SrcBo><TrgtTab><![CDATA[General]]></TrgtTab><TrgtSec><![CDATA[RecordInformation]]></TrgtSec><TrgtFld><![CDATA[cstEnviziParentOneTX]]></TrgtFld><SrcTab><![CDATA[General]]></SrcTab><SrcSec><![CDATA[RecordInformation]]></SrcSec><SrcFld><![CDATA[cstEnviziGroupName1TX]]></SrcFld></ObjMapping></ObjMappings></Task><Task Id="456149" Type="28" FilterOperator="10" RecurrenceId="0" MapId="170911" SRCTaskId="-1" TRGTTaskId="-1" AssigneeTaskId="0" SortCount="1" UseMap="1" LockUser="0" AssignToFlag="1" EstEndInDays="0" EstEndInHrs="0" EstEndInMins="0" DateContext="0" ServiceContext="1"><TaskLabel><![CDATA[Modify GroupName2]]></TaskLabel><EventName><![CDATA[Append]]></EventName><Description /><DeleteSection /><SumSection /><SumField /><FilterSection /><FilterField /><FilterValue /><ServiceAssociation /><TargetAssociation /><TransactionType><![CDATA[0]]></TransactionType><Status><![CDATA[0]]></Status><ParametersMapId><![CDATA[-1]]></ParametersMapId><FormulaRecalc><![CDATA[2]]></FormulaRecalc><Module><![CDATA[Location]]></Module><BO><![CDATA[triBuilding]]></BO><AssignToUserMod /><AssignToUserBO /><AssignToUser /><TaskRefs><TaskRef RefType="0" UseType="1" TaskRefType="0" CtxType="-1" RefTaskId="456153"><RefSec /><RefField><![CDATA[null]]></RefField><RefAssoc><![CDATA[Associated To]]></RefAssoc><RefModule><![CDATA[Location]]></RefModule><RefObject><![CDATA[triBuilding]]></RefObject><RefRecordMod /><RefRecordBO /><RefRecord /></TaskRef><TaskRef RefType="1" UseType="2" TaskRefType="0" CtxType="-1" RefTaskId="0"><RefSec /><RefField><![CDATA[null]]></RefField><RefAssoc /><RefModule><![CDATA[Data Utilities]]></RefModule><RefObject><![CDATA[cstEnviziUtility]]></RefObject></TaskRef></TaskRefs><ObjMappings><ObjMapping Id="170911" Type="40"><FldVal /><SrcFldVal /><TrgtModule><![CDATA[Location]]></TrgtModule><TrgtBo><![CDATA[triBuilding]]></TrgtBo><SrcModule><![CDATA[Data Utilities]]></SrcModule><SrcBo><![CDATA[cstEnviziUtility]]></SrcBo><TrgtTab><![CDATA[General]]></TrgtTab><TrgtSec><![CDATA[RecordInformation]]></TrgtSec><TrgtFld><![CDATA[cstEnviziParentThreeTX]]></TrgtFld><SrcTab /><SrcSec /><SrcFld /></ObjMapping><ObjMapping Id="170911" Type="10"><FldVal><![CDATA[RecordInformation::cstEnviziGroupName2TX]]></FldVal><SrcFldVal /><TrgtModule><![CDATA[Location]]></TrgtModule><TrgtBo><![CDATA[triBuilding]]></TrgtBo><SrcModule><![CDATA[Data Utilities]]></SrcModule><SrcBo><![CDATA[cstEnviziUtility]]></SrcBo><TrgtTab><![CDATA[General]]></TrgtTab><TrgtSec><![CDATA[RecordInformation]]></TrgtSec><TrgtFld><![CDATA[cstEnviziParentTwoTX]]></TrgtFld><SrcTab><![CDATA[General]]></SrcTab><SrcSec><![CDATA[RecordInformation]]></SrcSec><SrcFld><![CDATA[cstEnviziGroupName2TX]]></SrcFld></ObjMapping><ObjMapping Id="170911" Type="80"><FldVal><![CDATA[B+"\\"+A]]></FldVal><SrcFldVal /><TrgtModule><![CDATA[Location]]></TrgtModule><TrgtBo><![CDATA[triBuilding]]></TrgtBo><SrcModule><![CDATA[Data Utilities]]></SrcModule><SrcBo><![CDATA[cstEnviziUtility]]></SrcBo><EFormula><EFormulaExpr><![CDATA[B+"\\"+A]]></EFormulaExpr><EParams><EParam><EParamId><![CDATA[1]]></EParamId><EParamType><![CDATA[I]]></EParamType><EParamName><![CDATA[A]]></EParamName><EParamData><![CDATA[[FIELD][{SECTION}{RecordInformation}{cstEnviziGroupName1TX}]]]></EParamData><EParamDisplay><![CDATA[RecordInformation:cstEnviziGroupName1TX]]></EParamDisplay><EParamQryFld><![CDATA[F]]></EParamQryFld></EParam><EParam><EParamId><![CDATA[2]]></EParamId><EParamType><![CDATA[I]]></EParamType><EParamName><![CDATA[B]]></EParamName><EParamData><![CDATA[[FIELD][{SECTION}{RecordInformation}{cstEnviziGroupName2TX}]]]></EParamData><EParamDisplay><![CDATA[RecordInformation:cstEnviziGroupName2TX]]></EParamDisplay><EParamQryFld><![CDATA[F]]></EParamQryFld></EParam></EParams></EFormula><TrgtTab><![CDATA[General]]></TrgtTab><TrgtSec><![CDATA[RecordInformation]]></TrgtSec><TrgtFld><![CDATA[cstEnviziGroupNamePathTX]]></TrgtFld><SrcTab /><SrcSec /><SrcFld /></ObjMapping></ObjMappings></Task><Task Id="456151" Type="28" FilterOperator="10" RecurrenceId="0" MapId="170912" SRCTaskId="-1" TRGTTaskId="-1" AssigneeTaskId="0" SortCount="1" UseMap="1" LockUser="0" AssignToFlag="1" EstEndInDays="0" EstEndInHrs="0" EstEndInMins="0" DateContext="0" ServiceContext="1"><TaskLabel><![CDATA[Modify GroupName3]]></TaskLabel><EventName><![CDATA[Append]]></EventName><Description /><DeleteSection /><SumSection /><SumField /><FilterSection /><FilterField /><FilterValue /><ServiceAssociation /><TargetAssociation /><TransactionType><![CDATA[0]]></TransactionType><Status><![CDATA[0]]></Status><ParametersMapId><![CDATA[-1]]></ParametersMapId><FormulaRecalc><![CDATA[2]]></FormulaRecalc><Module><![CDATA[Location]]></Module><BO><![CDATA[triBuilding]]></BO><AssignToUserMod /><AssignToUserBO /><AssignToUser /><TaskRefs><TaskRef RefType="0" UseType="1" TaskRefType="0" CtxType="-1" RefTaskId="456153"><RefSec /><RefField><![CDATA[null]]></RefField><RefAssoc><![CDATA[Associated To]]></RefAssoc><RefModule><![CDATA[Location]]></RefModule><RefObject><![CDATA[triBuilding]]></RefObject><RefRecordMod /><RefRecordBO /><RefRecord /></TaskRef><TaskRef RefType="1" UseType="2" TaskRefType="0" CtxType="-1" RefTaskId="0"><RefSec /><RefField><![CDATA[null]]></RefField><RefAssoc /><RefModule><![CDATA[Data Utilities]]></RefModule><RefObject><![CDATA[cstEnviziUtility]]></RefObject></TaskRef></TaskRefs><ObjMappings><ObjMapping Id="170912" Type="10"><FldVal><![CDATA[RecordInformation::cstEnviziGroupName3TX]]></FldVal><SrcFldVal /><TrgtModule><![CDATA[Location]]></TrgtModule><TrgtBo><![CDATA[triBuilding]]></TrgtBo><SrcModule><![CDATA[Data Utilities]]></SrcModule><SrcBo><![CDATA[cstEnviziUtility]]></SrcBo><TrgtTab><![CDATA[General]]></TrgtTab><TrgtSec><![CDATA[RecordInformation]]></TrgtSec><TrgtFld><![CDATA[cstEnviziParentThreeTX]]></TrgtFld><SrcTab><![CDATA[General]]></SrcTab><SrcSec><![CDATA[RecordInformation]]></SrcSec><SrcFld><![CDATA[cstEnviziGroupName3TX]]></SrcFld></ObjMapping><ObjMapping Id="170912" Type="80"><FldVal><![CDATA[C + "\\" + B + "\\"+A]]></FldVal><SrcFldVal /><TrgtModule><![CDATA[Location]]></TrgtModule><TrgtBo><![CDATA[triBuilding]]></TrgtBo><SrcModule><![CDATA[Data Utilities]]></SrcModule><SrcBo><![CDATA[cstEnviziUtility]]></SrcBo><EFormula><EFormulaExpr><![CDATA[C + "\\" + B + "\\"+A]]></EFormulaExpr><EParams><EParam><EParamId><![CDATA[1]]></EParamId><EParamType><![CDATA[I]]></EParamType><EParamName><![CDATA[A]]></EParamName><EParamData><![CDATA[[FIELD][{SECTION}{RecordInformation}{cstEnviziGroupName1TX}]]]></EParamData><EParamDisplay><![CDATA[RecordInformation:cstEnviziGroupName1TX]]></EParamDisplay><EParamQryFld><![CDATA[F]]></EParamQryFld></EParam><EParam><EParamId><![CDATA[2]]></EParamId><EParamType><![CDATA[I]]></EParamType><EParamName><![CDATA[B]]></EParamName><EParamData><![CDATA[[FIELD][{SECTION}{RecordInformation}{cstEnviziGroupName2TX}]]]></EParamData><EParamDisplay><![CDATA[RecordInformation:cstEnviziGroupName2TX]]></EParamDisplay><EParamQryFld><![CDATA[F]]></EParamQryFld></EParam><EParam><EParamId><![CDATA[3]]></EParamId><EParamType><![CDATA[I]]></EParamType><EParamName><![CDATA[C]]></EParamName><EParamData><![CDATA[[FIELD][{SECTION}{RecordInformation}{cstEnviziGroupName3TX}]]]></EParamData><EParamDisplay><![CDATA[RecordInformation:cstEnviziGroupName3TX]]></EParamDisplay><EParamQryFld><![CDATA[F]]></EParamQryFld></EParam></EParams></EFormula><TrgtTab><![CDATA[General]]></TrgtTab><TrgtSec><![CDATA[RecordInformation]]></TrgtSec><TrgtFld><![CDATA[cstEnviziGroupNamePathTX]]></TrgtFld><SrcTab /><SrcSec /><SrcFld /></ObjMapping></ObjMappings></Task><Task Id="456153" Type="29" FilterOperator="10" RecurrenceId="0" MapId="-1" SRCTaskId="-1" TRGTTaskId="-1" AssigneeTaskId="0" SortCount="1" UseMap="1" LockUser="0" AssignToFlag="1" EstEndInDays="0" EstEndInHrs="0" EstEndInMins="0" DateContext="0" ServiceContext="1"><TaskLabel><![CDATA[Get Building]]></TaskLabel><EventName><![CDATA[GETLIST]]></EventName><Description /><DeleteSection /><SumSection /><SumField /><FilterSection /><FilterField /><FilterValue /><ServiceAssociation /><TargetAssociation /><TransactionType><![CDATA[0]]></TransactionType><Status><![CDATA[0]]></Status><ParametersMapId><![CDATA[-1]]></ParametersMapId><FormulaRecalc><![CDATA[0]]></FormulaRecalc><Module><![CDATA[Location]]></Module><BO><![CDATA[triBuilding]]></BO><AssignToUserMod /><AssignToUserBO /><AssignToUser /><TaskRefs><TaskRef RefType="0" UseType="1" TaskRefType="0" CtxType="9" RefTaskId="0"><RefSec /><RefField><![CDATA[null]]></RefField><RefAssoc><![CDATA[Associated To]]></RefAssoc><RefModule><![CDATA[Location]]></RefModule><RefObject><![CDATA[triBuilding]]></RefObject><RefRecordMod /><RefRecordBO /><RefRecord /></TaskRef><TaskRef RefType="1" UseType="2" TaskRefType="0" CtxType="-1" RefTaskId="0"><RefSec /><RefField><![CDATA[null]]></RefField><RefAssoc /><RefModule><![CDATA[Data Utilities]]></RefModule><RefObject><![CDATA[cstEnviziUtility]]></RefObject></TaskRef></TaskRefs></Task></Tasks><WFSteps><WFStep Id="0" Type="1" ParId="-1" /><WFStep Id="446837" Type="9" ParId="446937" /><WFStep Id="446937" Type="30" ParId="456138" /><WFStep Id="456137" Type="14" ParId="456153" /><WFStep Id="456138" Type="12" ParId="456137" /><WFStep Id="456138" Type="12" ParId="456141" /><WFStep Id="456140" Type="14" ParId="456147" /><WFStep Id="456141" Type="12" ParId="456140" /><WFStep Id="456141" Type="12" ParId="456144" /><WFStep Id="456143" Type="14" ParId="456149" /><WFStep Id="456144" Type="12" ParId="456143" /><WFStep Id="456144" Type="12" ParId="456151" /><WFStep Id="456147" Type="28" ParId="456137" /><WFStep Id="456149" Type="28" ParId="456140" /><WFStep Id="456151" Type="28" ParId="456143" /><WFStep Id="456153" Type="29" ParId="0" /></WFSteps></Workflow>
